{
  "name": "Lagrange",
  "vendorId": "0xBEEF",
  "productId": "0x2718",
  "lighting": "none",
  "matrix": {"rows": 14, "cols": 6},
  "layouts": {
    "keymap": 	[
		  [
		    {
		      "x": 3.5
		    },
		    "0,3",
		    {
		      "x": 9.25
		    },
		    "7,3"
		  ],
		  [
		    {
		      "y": -0.87,
		      "x": 2.5
		    },
		    "0,2",
		    {
		      "x": 11.25
		    },
		    "7,2"
		  ],
		  [
		    {
		      "y": -0.3799999999999999,
		      "x": 4.5
		    },
		    "0,4",
		    "0,5",
		    {
		      "x": 5.25
		    },
		    "7,5",
		    "7,4"
		  ],
		  [
		    {
		      "y": -0.87,
		      "c": "#777777",
		      "w": 1.5
		    },
		    "0,0",
		    {
		      "c": "#cccccc"
		    },
		    "0,1",
		    {
		      "x": 13.25
		    },
		    "7,1",
		    {
		      "c": "#777777",
		      "w": 1.5
		    },
		    "7,0"
		  ],
		  [
		    {
		      "y": -0.8799999999999999,
		      "x": 3.5,
		      "c": "#cccccc"
		    },
		    "1,3",
		    {
		      "x": 9.25
		    },
		    "8,3"
		  ],
		  [
		    {
		      "y": -0.8700000000000001,
		      "x": 2.5
		    },
		    "1,2",
		    {
		      "x": 11.25
		    },
		    "8,2"
		  ],
		  [
		    {
		      "y": -0.3799999999999999,
		      "x": 4.5
		    },
		    "1,4",
		    "1,5",
		    {
		      "x": 5.25
		    },
		    "8,5",
		    "8,4"
		  ],
		  [
		    {
		      "y": -0.8700000000000001,
		      "c": "#777777",
		      "w": 1.5
		    },
		    "1,0",
		    {
		      "c": "#cccccc"
		    },
		    "1,1",
		    {
		      "x": 13.25
		    },
		    "8,1",
		    {
		      "c": "#777777",
		      "w": 1.5
		    },
		    "8,0"
		  ],
		  [
		    {
		      "y": -0.8799999999999999,
		      "x": 3.5,
		      "c": "#cccccc"
		    },
		    "2,3",
		    {
		      "x": 9.25
		    },
		    "9,3"
		  ],
		  [
		    {
		      "y": -0.8700000000000001,
		      "x": 2.5
		    },
		    "2,2",
		    {
		      "x": 11.25
		    },
		    "9,2"
		  ],
		  [
		    {
		      "y": -0.3799999999999999,
		      "x": 4.5
		    },
		    "2,4",
		    "2,5",
		    {
		      "x": 5.25
		    },
		    "9,5",
		    "9,4"
		  ],
		  [
		    {
		      "y": -0.8700000000000001,
		      "c": "#777777",
		      "w": 1.5
		    },
		    "2,0",
		    {
		      "c": "#cccccc"
		    },
		    "2,1",
		    {
		      "x": 13.25
		    },
		    "9,1",
		    {
		      "c": "#777777",
		      "w": 1.5
		    },
		    "9,0"
		  ],
		  [
		    {
		      "y": -0.8799999999999999,
		      "x": 3.5,
		      "c": "#cccccc"
		    },
		    "3,3",
		    {
		      "x": 9.25
		    },
		    "10,3"
		  ],
		  [
		    {
		      "y": -0.8700000000000001,
		      "x": 2.5
		    },
		    "3,2",
		    {
		      "x": 11.25
		    },
		    "10,2"
		  ],
		  [
		    {
		      "y": -0.3799999999999999,
		      "x": 4.5
		    },
		    "3,4",
		    "3,5",
		    {
		      "x": 5.25
		    },
		    "10,5",
		    "10,4"
		  ],
		  [
		    {
		      "y": -0.8700000000000001,
		      "c": "#777777",
		      "w": 1.5
		    },
		    "3,0",
		    {
		      "c": "#cccccc"
		    },
		    "3,1",
		    {
		      "x": 13.25
		    },
		    "10,1",
		    {
		      "c": "#777777",
		      "w": 1.5
		    },
		    "10,0"
		  ],
		  [
		    {
		      "y": -0.8799999999999999,
		      "x": 3.5,
		      "c": "#cccccc"
		    },
		    "4,3",
		    {
		      "x": 9.25
		    },
		    "11,3"
		  ],
		  [
		    {
		      "y": -0.8700000000000001,
		      "x": 2.5
		    },
		    "4,2",
		    {
		      "x": 11.25
		    },
		    "11,2"
		  ],
		  [
		    {
		      "c": "#e60000",
		      "w": 1.5
		    },
		    "4,0",
		    {
		      "x": 15.25,
		      "w": 1.5
		    },
		    "11,0"
		  ],
		  [
		    {
		      "r": 15,
		      "rx": 4.75,
		      "ry": 4.75,
		      "y": -0.25,
		      "x": 1.25,
		      "c": "#777777",
		      "h": 1.5,
		      "n": true
		    },
		    "4,5",
		    {
		      "h": 1.5
		    },
		    "5,5"
		  ],
		  [
		    {
		      "y": -0.75,
		      "x": 0.25,
		      "h": 1.25
		    },
		    "4,4"
		  ],
		  [
		    {
		      "y": -0.5,
		      "x": 3.25
		    },
		    "6,5"
		  ],
		  [
		    {
		      "x": 1.75
		    },
		    "5,4"
		  ],
		  [
		    {
		      "y": -0.75,
		      "x": 0.75
		    },
		    "5,3",
		    {
		      "x": 1
		    },
		    "6,4"
		  ],
		  [
		    {
		      "y": -0.25,
		      "x": 1.75
		    },
		    "6,3"
		  ],
		  [
		    {
		      "r": -15,
		      "rx": 13.75,
		      "y": -0.25,
		      "x": -3.25,
		      "h": 1.5
		    },
		    "12,5",
		    {
		      "h": 1.5,
		      "n": true
		    },
		    "11,5"
		  ],
		  [
		    {
		      "y": -0.75,
		      "x": -1.25,
		      "h": 1.25
		    },
		    "11,4"
		  ],
		  [
		    {
		      "y": -0.5,
		      "x": -4.25
		    },
		    "13,5"
		  ],
		  [
		    {
		      "x": -2.75
		    },
		    "12,4"
		  ],
		  [
		    {
		      "y": -0.75,
		      "x": -3.75
		    },
		    "13,4",
		    {
		      "x": 1
		    },
		    "12,3"
		  ],
		  [
		    {
		      "y": -0.25,
		      "x": -2.75
		    },
		    "13,3"
		  ]
		]
  }
}